[
  {"name":"RobotShop","type":"Händler","region":"Global","link":"https://www.robotshop.com/","tags":["Marktplatz","Bildung","Service"],"logo":"https://pbs.twimg.com/profile_images/1547232567826333696/9xkO9gQm_400x400.jpg"},
  {"name":"Trossen Robotics","type":"Händler","region":"US","link":"https://www.trossenrobotics.com/","tags":["Manipulatoren","Kits","Maker"],"logo":"https://avatars.githubusercontent.com/u/1516891?s=200&v=4"},
  {"name":"Conrad","type":"Händler","region":"EU/DE","link":"https://www.conrad.de/","tags":["Elektronik","Robotik","B2B"],"logo":"https://upload.wikimedia.org/wikipedia/commons/1/1f/Conrad_Electronic_logo.svg"},
  {"name":"Alibaba Robotics","type":"Marktplatz","region":"CN","link":"https://www.alibaba.com/trade/search?fsb=y&IndexArea=product_en&CatId=&SearchText=robot","tags":["Sourcing","B2B","CN"],"logo":"https://upload.wikimedia.org/wikipedia/commons/5/5a/Alibaba_Group_logo.svg"},
  {"name":"JD.com","type":"Marktplatz","region":"CN","link":"https://global.jd.com/","tags":["Sourcing","B2C","CN"],"logo":"https://corporate.jd.com/img/logo-en.png"},
  {"name":"Piab / PFF","type":"Hersteller","region":"US/EU","link":"https://www.piaggiofastforward.com/","tags":["Follow-Me","Mobilität"],"logo":"https://www.piaggiofastforward.com/wp-content/uploads/2021/05/favicon.png"}
]
