[
  {
    "title": "Pepper – Service-Robotik",
    "tags": ["Service", "Interaktion"],
    "videoId": "4WbqOou0F4Q"
  },
  {
    "title": "Boston Dynamics Spot",
    "tags": ["Industrie", "Logistik"],
    "videoId": "tF4DML7FIWk"
  },
  {
    "title": "Temi – Healthcare",
    "tags": ["Pflege", "Telepräsenz"],
    "videoId": "V8V6HQGnvZ8"
  },
  {
    "title": "Moley Kitchen Robot",
    "tags": ["Smart Home", "Küche"],
    "videoId": "I4kz8uPy5LM"
  },
  {
    "title": "CyberDog – Xiaomi",
    "tags": ["Consumer", "Entertainment"],
    "videoId": "XKJaqxH2kTg"
  }
]
