[
  {
    "slug": "pflege-exoskelette",
    "title": "Exoskelette in der Pflege",
    "author": "SmartAssist Redaktion",
    "date": "2025-09-20",
    "image": "https://images.unsplash.com/photo-1581091012184-5c64a5d46a6d?auto=format&fit=crop&w=1200&q=80",
    "body": [
      "Exoskelette unterstützen Pflegekräfte beim Heben schwerer Patienten.",
      "Japan und Europa gelten als Vorreiter bei der Einführung dieser Technologien.",
      "Studien zeigen: Reduktion der körperlichen Belastung um bis zu 40%."
    ],
    "links": [
      {"label": "Studie ansehen", "url": "https://www.ifr.org/research"}
    ]
  },
  {
    "slug": "logistik-roboter",
    "title": "Logistikroboter auf dem Vormarsch",
    "author": "SmartAssist Redaktion",
    "date": "2025-09-15",
    "image": "https://images.unsplash.com/photo-1617687616061-9f9b7c65cbe1?auto=format&fit=crop&w=1200&q=80",
    "body": [
      "Automatisierte Lagerhäuser setzen verstärkt auf mobile Transportroboter.",
      "Amazon Robotics und JD.com treiben die Entwicklung massiv voran.",
      "Der Markt für Logistikrobotik soll bis 2030 auf über 80 Mrd. USD wachsen."
    ],
    "links": [
      {"label": "Amazon Robotics", "url": "https://www.amazonrobotics.com/"}
    ]
  },
  {
    "slug": "smart-home-roboter",
    "title": "Roboter im Smart Home",
    "author": "SmartAssist Redaktion",
    "date": "2025-09-10",
    "image": "https://images.unsplash.com/photo-1606112219348-204d7d8b94ee?auto=format&fit=crop&w=1200&q=80",
    "body": [
      "Saug- und Service-Roboter gehören bereits zum Alltag vieler Haushalte.",
      "Neue Generationen kombinieren KI mit Sensorik für bessere Anpassung.",
      "China und die USA sind die größten Wachstumsmärkte im Consumer-Segment."
    ],
    "links": [
      {"label": "CES Highlights", "url": "https://ces.tech"}
    ]
  }
]
